steps,episodes,elapsed,mean,median,stdev,max,min,average_q,average_loss,cumulative_steps,n_updates,rlen
3001,1,79.95450258255005,-1.3999999910593033,-1.3999999910593033,0.0,-1.3999999910593033,-1.3999999910593033,nan,nan,3001,0,3001
6002,2,158.9278588294983,-1.2999999821186066,-1.2999999821186066,0.0,-1.2999999821186066,-1.2999999821186066,nan,nan,6002,0,6002
9003,3,238.801575422287,-0.9999999850988388,-0.9999999850988388,0.0,-0.9999999850988388,-0.9999999850988388,nan,nan,9003,0,9003
12004,4,322.62345814704895,2.0,2.0,0.0,2.0,2.0,nan,nan,12004,0,12004
15005,5,404.0431888103485,0.8000000268220901,0.8000000268220901,0.0,0.8000000268220901,0.8000000268220901,nan,nan,15005,0,15005
18006,6,486.69222712516785,-1.3999999910593033,-1.3999999910593033,0.0,-1.3999999910593033,-1.3999999910593033,nan,nan,18006,0,18006
21007,7,571.8065152168274,2.0,2.0,0.0,2.0,2.0,nan,3.9173558926582337,21007,251,21007
24008,8,668.5210793018341,-0.5999999940395355,-0.5999999940395355,0.0,-0.5999999940395355,-0.5999999940395355,nan,3.9107786989212037,24008,1002,24008
27009,9,767.5193800926208,-1.4999999925494194,-1.4999999925494194,0.0,-1.4999999925494194,-1.4999999925494194,nan,3.908911871910095,27009,1752,27009
30010,10,868.8139429092407,0.8000000193715096,0.8000000193715096,0.0,0.8000000193715096,0.8000000193715096,nan,3.9079381704330443,30010,2502,30010
33011,11,969.4098358154297,-0.3999999910593033,-0.3999999910593033,0.0,-0.3999999910593033,-0.3999999910593033,nan,3.8875311112403867,33011,3252,33011
36012,12,1065.6923441886902,0.8000000193715096,0.8000000193715096,0.0,0.8000000193715096,0.8000000193715096,nan,3.886747853755951,36012,4003,36012
39013,13,1163.5412607192993,-3.5999999940395355,-3.5999999940395355,0.0,-3.5999999940395355,-3.5999999940395355,nan,3.886754593849182,39013,4753,39013
42014,14,1260.9955697059631,0.8000000044703484,0.8000000044703484,0.0,0.8000000044703484,0.8000000044703484,nan,3.886387357711792,42014,5503,42014
45015,15,1356.9763832092285,0.6000000014901161,0.6000000014901161,0.0,0.6000000014901161,0.6000000014901161,nan,3.886333653926849,45015,6253,45015
48016,16,1455.2606916427612,-4.499999992549419,-4.499999992549419,0.0,-4.499999992549419,-4.499999992549419,nan,3.8865297293663024,48016,7004,48016
51017,17,1552.571453332901,-0.5999999865889549,-0.5999999865889549,0.0,-0.5999999865889549,-0.5999999865889549,nan,3.8861938190460203,51017,7754,51017
54018,18,1650.88241314888,-3.5999999940395355,-3.5999999940395355,0.0,-3.5999999940395355,-3.5999999940395355,nan,3.8862172627449034,54018,8504,54018
57019,19,1750.5710427761078,-0.09999997168779373,-0.09999997168779373,0.0,-0.09999997168779373,-0.09999997168779373,nan,3.8863376927375795,57019,9254,57019
60020,20,1849.0388069152832,-0.29999998211860657,-0.29999998211860657,0.0,-0.29999998211860657,-0.29999998211860657,nan,3.8864356780052187,60020,10005,60020
63021,21,1949.2612211704254,-1.5999999940395355,-1.5999999940395355,0.0,-1.5999999940395355,-1.5999999940395355,nan,3.8860144877433775,63021,10755,63021
66022,22,2050.373291015625,-0.29999998211860657,-0.29999998211860657,0.0,-0.29999998211860657,-0.29999998211860657,nan,3.862196247577667,66022,11505,66022
69023,23,2149.4033641815186,-2.299999989569187,-2.299999989569187,0.0,-2.299999989569187,-2.299999989569187,nan,3.8617606496810915,69023,12255,69023
72024,24,2248.677894115448,-2.899999998509884,-2.899999998509884,0.0,-2.899999998509884,-2.899999998509884,nan,3.8698044204711914,72024,13006,72024
75025,25,2347.625215768814,0.30000001192092896,0.30000001192092896,0.0,0.30000001192092896,0.30000001192092896,nan,3.8697502994537354,75025,13756,75025
78026,26,2444.9948279857635,-0.699999988079071,-0.699999988079071,0.0,-0.699999988079071,-0.699999988079071,nan,3.869873135089874,78026,14506,78026
81027,27,2543.6823420524597,-0.4999999925494194,-0.4999999925494194,0.0,-0.4999999925494194,-0.4999999925494194,nan,3.8695449113845823,81027,15256,81027
84028,28,2641.912919282913,-0.7999999970197678,-0.7999999970197678,0.0,-0.7999999970197678,-0.7999999970197678,nan,3.8692071223258973,84028,16007,84028
87029,29,2737.895336866379,0.20000000298023224,0.20000000298023224,0.0,0.20000000298023224,0.20000000298023224,nan,3.869679069519043,87029,16757,87029
90030,30,2834.3782176971436,0.6000000163912773,0.6000000163912773,0.0,0.6000000163912773,0.6000000163912773,nan,3.869675772190094,90030,17507,90030
93031,31,2930.034752368927,-4.299999997019768,-4.299999997019768,0.0,-4.299999997019768,-4.299999997019768,nan,3.869916386604309,93031,18257,93031
96032,32,3027.362216234207,1.000000037252903,1.000000037252903,0.0,1.000000037252903,1.000000037252903,nan,3.8680676937103273,96032,19008,96032
99033,33,3125.2711997032166,0.0,0.0,0.0,0.0,0.0,nan,3.845737934112549,99033,19758,99033
102034,34,3223.0029530525208,2.0000000298023224,2.0000000298023224,0.0,2.0000000298023224,2.0000000298023224,nan,3.8459873747825624,102034,20508,102034
105035,35,3320.0613412857056,0.7000000104308128,0.7000000104308128,0.0,0.7000000104308128,0.7000000104308128,nan,3.8456784868240357,105035,21258,105035
108036,36,3416.9066083431244,-1.7999999970197678,-1.7999999970197678,0.0,-1.7999999970197678,-1.7999999970197678,nan,3.8455914068222046,108036,22009,108036
111037,37,3513.58891749382,-0.3999999836087227,-0.3999999836087227,0.0,-0.3999999836087227,-0.3999999836087227,nan,3.8459525728225707,111037,22759,111037
114038,38,3610.5279610157013,-1.2999999821186066,-1.2999999821186066,0.0,-1.2999999821186066,-1.2999999821186066,nan,3.8457509994506838,114038,23509,114038
117039,39,3706.7020061016083,0.9999999776482582,0.9999999776482582,0.0,0.9999999776482582,0.9999999776482582,nan,3.845451171398163,117039,24259,117039
120040,40,3804.622853040695,-0.09999997913837433,-0.09999997913837433,0.0,-0.09999997913837433,-0.09999997913837433,nan,3.845684447288513,120040,25010,120040
123041,41,3903.0551133155823,-1.2999999970197678,-1.2999999970197678,0.0,-1.2999999970197678,-1.2999999970197678,nan,3.845746238231659,123041,25760,123041
126042,42,4001.31929397583,-0.09999997913837433,-0.09999997913837433,0.0,-0.09999997913837433,-0.09999997913837433,nan,3.8458472752571105,126042,26510,126042
129043,43,4100.056070804596,0.9999999850988388,0.9999999850988388,0.0,0.9999999850988388,0.9999999850988388,nan,3.8195433974266053,129043,27260,129043
132044,44,4198.19616985321,-0.09999992698431015,-0.09999992698431015,0.0,-0.09999992698431015,-0.09999992698431015,nan,3.8189695048332215,132044,28011,132044
135045,45,4297.278653144836,-0.19999999552965164,-0.19999999552965164,0.0,-0.19999999552965164,-0.19999999552965164,nan,3.819239957332611,135045,28761,135045
138046,46,4396.757056236267,-1.2999999895691872,-1.2999999895691872,0.0,-1.2999999895691872,-1.2999999895691872,nan,3.8190478587150576,138046,29511,138046
141047,47,4495.787325382233,0.9000000283122063,0.9000000283122063,0.0,0.9000000283122063,0.9000000283122063,nan,3.819507076740265,141047,30261,141047
144048,48,4594.696156024933,0.8000000193715096,0.8000000193715096,0.0,0.8000000193715096,0.8000000193715096,nan,3.819293940067291,144048,31012,144048
147049,49,4694.477518558502,-1.1999999806284904,-1.1999999806284904,0.0,-1.1999999806284904,-1.1999999806284904,nan,3.8192689514160154,147049,31762,147049
150050,50,4793.522051334381,-0.5999999940395355,-0.5999999940395355,0.0,-0.5999999940395355,-0.5999999940395355,nan,3.8196254205703735,150050,32512,150050
153051,51,4892.933176994324,-1.199999988079071,-1.199999988079071,0.0,-1.199999988079071,-1.199999988079071,nan,3.819084868431091,153051,33262,153051
156052,52,4993.007896661758,-1.2999999821186066,-1.2999999821186066,0.0,-1.2999999821186066,-1.2999999821186066,nan,3.819365122318268,156052,34013,156052
159053,53,5091.123225212097,2.2351741790771484e-08,2.2351741790771484e-08,0.0,2.2351741790771484e-08,2.2351741790771484e-08,nan,3.819339249134064,159053,34763,159053
162054,54,5189.981023788452,0.9000000059604645,0.9000000059604645,0.0,0.9000000059604645,0.9000000059604645,nan,3.7942075729370117,162054,35513,162054
165055,55,5290.817073106766,0.9000000134110451,0.9000000134110451,0.0,0.9000000134110451,0.9000000134110451,nan,3.794528117179871,165055,36263,165055
168056,56,5390.231169223785,0.800000011920929,0.800000011920929,0.0,0.800000011920929,0.800000011920929,nan,3.7942536211013795,168056,37014,168056
171057,57,5490.328849554062,2.000000037252903,2.000000037252903,0.0,2.000000037252903,2.000000037252903,nan,3.794322702884674,171057,37764,171057
174058,58,5590.955579996109,1.0000000149011612,1.0000000149011612,0.0,1.0000000149011612,1.0000000149011612,nan,3.794262511730194,174058,38514,174058
177059,59,5689.951942920685,0.800000011920929,0.800000011920929,0.0,0.800000011920929,0.800000011920929,nan,3.7945095705986023,177059,39264,177059
180060,60,5790.735137701035,-0.9999999701976776,-0.9999999701976776,0.0,-0.9999999701976776,-0.9999999701976776,nan,3.7939420771598815,180060,40015,180060
183061,61,5892.724462032318,-0.3999999910593033,-0.3999999910593033,0.0,-0.3999999910593033,-0.3999999910593033,nan,3.794315824508667,183061,40765,183061
186062,62,5992.2984302043915,-1.6999999955296516,-1.6999999955296516,0.0,-1.6999999955296516,-1.6999999955296516,nan,3.7942496085166932,186062,41515,186062
189063,63,6093.801300048828,-1.1999999806284904,-1.1999999806284904,0.0,-1.1999999806284904,-1.1999999806284904,nan,3.794394552707672,189063,42265,189063
192064,64,6194.714948177338,-0.09999994933605194,-0.09999994933605194,0.0,-0.09999994933605194,-0.09999994933605194,nan,3.7897258949279786,192064,43016,192064
195065,65,6294.267073869705,1.0000000298023224,1.0000000298023224,0.0,1.0000000298023224,1.0000000298023224,nan,3.7677016067504883,195065,43766,195065
198066,66,6394.73338508606,0.9000000134110451,0.9000000134110451,0.0,0.9000000134110451,0.9000000134110451,nan,3.767908194065094,198066,44516,198066
201067,67,6495.703816413879,-1.2999999970197678,-1.2999999970197678,0.0,-1.2999999970197678,-1.2999999970197678,nan,3.7674632906913756,201067,45266,200000
204068,68,6597.05332159996,-0.09999998658895493,-0.09999998658895493,0.0,-0.09999998658895493,-0.09999998658895493,nan,3.768294153213501,204068,46017,200000
207069,69,6699.971223831177,0.7000000178813934,0.7000000178813934,0.0,0.7000000178813934,0.7000000178813934,nan,3.7684728860855103,207069,46767,200000
210070,70,6802.664062976837,-0.6999999955296516,-0.6999999955296516,0.0,-0.6999999955296516,-0.6999999955296516,nan,3.7681725072860717,210070,47517,200000
213071,71,6904.974809646606,2.2351741790771484e-08,2.2351741790771484e-08,0.0,2.2351741790771484e-08,2.2351741790771484e-08,nan,3.7678804850578307,213071,48267,200000
216072,72,7006.973618507385,1.0000000149011612,1.0000000149011612,0.0,1.0000000149011612,1.0000000149011612,nan,3.7685210061073304,216072,49018,200000
219073,73,7108.7411460876465,0.9000000134110451,0.9000000134110451,0.0,0.9000000134110451,0.9000000134110451,nan,3.7682274198532104,219073,49768,200000
222074,74,7211.296200990677,-0.29999998956918716,-0.29999998956918716,0.0,-0.29999998956918716,-0.29999998956918716,nan,3.768106989860535,222074,50518,200000
225075,75,7312.796595096588,2.2351741790771484e-08,2.2351741790771484e-08,0.0,2.2351741790771484e-08,2.2351741790771484e-08,nan,3.7429690980911254,225075,51268,200000
228076,76,7414.668044805527,1.0000000149011612,1.0000000149011612,0.0,1.0000000149011612,1.0000000149011612,nan,3.743004620075226,228076,52019,200000
231077,77,7516.797340631485,1.0000000149011612,1.0000000149011612,0.0,1.0000000149011612,1.0000000149011612,nan,3.7418823885917663,231077,52769,200000
234078,78,7619.033667802811,0.9000000283122063,0.9000000283122063,0.0,0.9000000283122063,0.9000000283122063,nan,3.74307101726532,234078,53519,200000
237079,79,7721.26366186142,-0.19999995082616806,-0.19999995082616806,0.0,-0.19999995082616806,-0.19999995082616806,nan,3.74242755651474,237079,54269,200000
240080,80,7824.178124189377,2.0000000298023224,2.0000000298023224,0.0,2.0000000298023224,2.0000000298023224,nan,3.7432289361953734,240080,55020,200000
243081,81,7926.526285648346,0.6000000163912773,0.6000000163912773,0.0,0.6000000163912773,0.6000000163912773,nan,3.7428375005722048,243081,55770,200000
246082,82,8028.395047664642,-0.29999998211860657,-0.29999998211860657,0.0,-0.29999998211860657,-0.29999998211860657,nan,3.742995011806488,246082,56520,200000
249083,83,8130.988165616989,0.800000011920929,0.800000011920929,0.0,0.800000011920929,0.800000011920929,nan,3.742786982059479,249083,57270,200000
252084,84,8234.085301399231,0.9000000506639481,0.9000000506639481,0.0,0.9000000506639481,0.9000000506639481,nan,3.742531020641327,252084,58021,200000
255085,85,8337.118849277496,-2.5999999940395355,-2.5999999940395355,0.0,-2.5999999940395355,-2.5999999940395355,nan,3.74267724275589,255085,58771,200000
258086,86,8440.386071681976,-0.4999999925494194,-0.4999999925494194,0.0,-0.4999999925494194,-0.4999999925494194,nan,3.716612811088562,258086,59521,200000
261087,87,8544.087956666946,1.0000000149011612,1.0000000149011612,0.0,1.0000000149011612,1.0000000149011612,nan,3.716878855228424,261087,60271,200000
264088,88,8647.81342792511,-0.3999999910593033,-0.3999999910593033,0.0,-0.3999999910593033,-0.3999999910593033,nan,3.716319828033447,264088,61022,200000
267089,89,8748.653967618942,-0.3999999910593033,-0.3999999910593033,0.0,-0.3999999910593033,-0.3999999910593033,nan,3.716861758232117,267089,61772,200000
270090,90,8851.230665445328,-3.5999999940395355,-3.5999999940395355,0.0,-3.5999999940395355,-3.5999999940395355,nan,3.7167926049232483,270090,62522,200000
273091,91,8953.88897061348,-0.4999999925494194,-0.4999999925494194,0.0,-0.4999999925494194,-0.4999999925494194,nan,3.7162924075126647,273091,63272,200000
276092,92,9056.233590364456,-0.4999999925494194,-0.4999999925494194,0.0,-0.4999999925494194,-0.4999999925494194,nan,3.7164687275886537,276092,64023,200000
279093,93,9158.243903875351,-1.9999999850988388,-1.9999999850988388,0.0,-1.9999999850988388,-1.9999999850988388,nan,3.716712157726288,279093,64773,200000
282094,94,9261.159359455109,-0.19999998807907104,-0.19999998807907104,0.0,-0.19999998807907104,-0.19999998807907104,nan,3.7169816303253174,282094,65523,200000
285095,95,9363.935225725174,-1.1999999806284904,-1.1999999806284904,0.0,-1.1999999806284904,-1.1999999806284904,nan,3.715972032546997,285095,66273,200000
288096,96,9465.871010065079,1.0,1.0,0.0,1.0,1.0,nan,3.71023638010025,288096,67024,200000
291097,97,9569.038854837418,-0.4999999925494194,-0.4999999925494194,0.0,-0.4999999925494194,-0.4999999925494194,nan,3.6905897498130797,291097,67774,200000
294098,98,9672.354954481125,0.5000000074505806,0.5000000074505806,0.0,0.5000000074505806,0.5000000074505806,nan,3.6902806162834167,294098,68524,200000
297099,99,9774.19991183281,-0.3999999910593033,-0.3999999910593033,0.0,-0.3999999910593033,-0.3999999910593033,nan,3.690376567840576,297099,69274,200000
300100,100,9876.465861082077,-0.4999999925494194,-0.4999999925494194,0.0,-0.4999999925494194,-0.4999999925494194,nan,3.690700361728668,300100,70025,200000
303101,101,9979.312188148499,-0.19999995082616806,-0.19999995082616806,0.0,-0.19999995082616806,-0.19999995082616806,nan,3.6897850036621094,303101,70775,200000
306102,102,10081.480130195618,0.4000000134110451,0.4000000134110451,0.0,0.4000000134110451,0.4000000134110451,nan,3.689294862747192,306102,71525,200000
309103,103,10183.147429227829,0.8000000193715096,0.8000000193715096,0.0,0.8000000193715096,0.8000000193715096,nan,3.6902767324447634,309103,72275,200000
312104,104,10291.825916051865,-1.099999986588955,-1.099999986588955,0.0,-1.099999986588955,-1.099999986588955,nan,3.689886703491211,312104,73026,200000
315105,105,10400.343406200409,0.4000000059604645,0.4000000059604645,0.0,0.4000000059604645,0.4000000059604645,nan,3.689641420841217,315105,73776,200000
318106,106,10507.230852603912,-1.199999988079071,-1.199999988079071,0.0,-1.199999988079071,-1.199999988079071,nan,3.690657260417938,318106,74526,200000
321107,107,10612.469708681107,0.9000000506639481,0.9000000506639481,0.0,0.9000000506639481,0.9000000506639481,nan,3.6632738852500917,321107,75276,200000
324108,108,10718.358632564545,-1.8999999985098839,-1.8999999985098839,0.0,-1.8999999985098839,-1.8999999985098839,nan,3.6632015991210936,324108,76027,200000
327109,109,10824.972699403763,-0.09999998658895493,-0.09999998658895493,0.0,-0.09999998658895493,-0.09999998658895493,nan,3.663570306301117,327109,76777,200000
330110,110,10932.343904972076,-0.19999998807907104,-0.19999998807907104,0.0,-0.19999998807907104,-0.19999998807907104,nan,3.6629898262023928,330110,77527,200000
333111,111,11038.257229089737,2.2351741790771484e-08,2.2351741790771484e-08,0.0,2.2351741790771484e-08,2.2351741790771484e-08,nan,3.6628407931327818,333111,78277,200000
336112,112,11145.945361852646,0.7000000104308128,0.7000000104308128,0.0,0.7000000104308128,0.7000000104308128,nan,3.66307187795639,336112,79028,200000
339113,113,11254.38310289383,1.0000000223517418,1.0000000223517418,0.0,1.0000000223517418,1.0000000223517418,nan,3.663062264919281,339113,79778,200000
342114,114,11363.580369710922,3.725290298461914e-08,3.725290298461914e-08,0.0,3.725290298461914e-08,3.725290298461914e-08,nan,3.6633747482299803,342114,80528,200000
345115,115,11471.715379476547,0.6000000089406967,0.6000000089406967,0.0,0.6000000089406967,0.6000000089406967,nan,3.6625495862960817,345115,81278,200000
348116,116,11580.585107088089,0.4000000134110451,0.4000000134110451,0.0,0.4000000134110451,0.4000000134110451,nan,3.6633740878105163,348116,82029,200000
351117,117,11689.287647485733,-1.099999986588955,-1.099999986588955,0.0,-1.099999986588955,-1.099999986588955,nan,3.6630054402351377,351117,82779,200000
354118,118,11798.549181699753,-1.2999999523162842,-1.2999999523162842,0.0,-1.2999999523162842,-1.2999999523162842,nan,3.6375862550735474,354118,83529,200000
357119,119,11909.688405513763,-2.299999952316284,-2.299999952316284,0.0,-2.299999952316284,-2.299999952316284,nan,3.6372302627563475,357119,84279,200000
360120,120,12020.840306520462,-5.399999991059303,-5.399999991059303,0.0,-5.399999991059303,-5.399999991059303,nan,3.637693965435028,360120,85030,200000
363121,121,12130.801086425781,-0.19999998062849045,-0.19999998062849045,0.0,-0.19999998062849045,-0.19999998062849045,nan,3.6379029393196105,363121,85780,200000
366122,122,12238.838749885559,-2.4999999925494194,-2.4999999925494194,0.0,-2.4999999925494194,-2.4999999925494194,nan,3.6375490617752075,366122,86530,200000
369123,123,12348.37005162239,1.0000000596046448,1.0000000596046448,0.0,1.0000000596046448,1.0000000596046448,nan,3.6372746062278747,369123,87280,200000
372124,124,12456.833255052567,1.0000000521540642,1.0000000521540642,0.0,1.0000000521540642,1.0000000521540642,nan,3.63709086894989,372124,88031,200000
375125,125,12565.917471170425,-0.4999999925494194,-0.4999999925494194,0.0,-0.4999999925494194,-0.4999999925494194,nan,3.637397754192352,375125,88781,200000
378126,126,12675.592731237411,-0.9999999850988388,-0.9999999850988388,0.0,-0.9999999850988388,-0.9999999850988388,nan,3.6372701358795165,378126,89531,200000
381127,127,12790.461055994034,0.6000000238418579,0.6000000238418579,0.0,0.6000000238418579,0.6000000238418579,nan,3.6376534414291384,381127,90281,200000
384128,128,12906.103471279144,-0.8999999985098839,-0.8999999985098839,0.0,-0.8999999985098839,-0.8999999985098839,nan,3.6282919692993163,384128,91032,200000
387129,129,13019.823207616806,-3.4999999925494194,-3.4999999925494194,0.0,-3.4999999925494194,-3.4999999925494194,nan,3.610351366996765,387129,91782,200000
390130,130,13134.067865610123,-1.299999974668026,-1.299999974668026,0.0,-1.299999974668026,-1.299999974668026,nan,3.6108014369010926,390130,92532,200000
393131,131,13247.216373205185,0.20000000298023224,0.20000000298023224,0.0,0.20000000298023224,0.20000000298023224,nan,3.609880702495575,393131,93282,200000
396132,132,13363.331053495407,-0.19999999552965164,-0.19999999552965164,0.0,-0.19999999552965164,-0.19999999552965164,nan,3.6097909879684447,396132,94033,200000
399133,133,13481.040203094482,0.9000000283122063,0.9000000283122063,0.0,0.9000000283122063,0.9000000283122063,nan,3.610841658115387,399133,94783,200000
402134,134,13597.986732244492,1.0000000596046448,1.0000000596046448,0.0,1.0000000596046448,1.0000000596046448,nan,3.6098074769973754,402134,95533,200000
405135,135,13715.921839475632,1.0000000149011612,1.0000000149011612,0.0,1.0000000149011612,1.0000000149011612,nan,3.61032351732254,405135,96283,200000
408136,136,13832.046773672104,3.000000014901161,3.000000014901161,0.0,3.000000014901161,3.000000014901161,nan,3.610912697315216,408136,97034,200000
411137,137,13949.910466909409,0.7000000104308128,0.7000000104308128,0.0,0.7000000104308128,0.7000000104308128,nan,3.6099148273468016,411137,97784,200000
414138,138,14066.712442159653,2.0000000596046448,2.0000000596046448,0.0,2.0000000596046448,2.0000000596046448,nan,3.6106513118743897,414138,98534,200000
417139,139,14181.484241247177,0.7000000029802322,0.7000000029802322,0.0,0.7000000029802322,0.7000000029802322,nan,3.5819861626625062,417139,99284,200000
420140,140,14296.87325334549,-0.3999999985098839,-0.3999999985098839,0.0,-0.3999999985098839,-0.3999999985098839,nan,3.582405788898468,420140,100035,200000
423141,141,14409.017103910446,0.5000000149011612,0.5000000149011612,0.0,0.5000000149011612,0.5000000149011612,nan,3.5826605367660522,423141,100785,200000
426142,142,14520.559340953827,0.8000000268220901,0.8000000268220901,0.0,0.8000000268220901,0.8000000268220901,nan,3.5827884817123414,426142,101535,200000
429143,143,14634.213784217834,-1.299999974668026,-1.299999974668026,0.0,-1.299999974668026,-1.299999974668026,nan,3.5828842687606812,429143,102285,200000
432144,144,14746.261090517044,0.7000000178813934,0.7000000178813934,0.0,0.7000000178813934,0.7000000178813934,nan,3.5826508235931396,432144,103036,200000
435145,145,14856.283284664154,-0.3999999910593033,-0.3999999910593033,0.0,-0.3999999910593033,-0.3999999910593033,nan,3.5825345849990846,435145,103786,200000
438146,146,14964.38572716713,-0.19999999552965164,-0.19999999552965164,0.0,-0.19999999552965164,-0.19999999552965164,nan,3.5825230884552,438146,104536,200000
441147,147,15075.112978935242,-1.8999999985098839,-1.8999999985098839,0.0,-1.8999999985098839,-1.8999999985098839,nan,3.582865979671478,441147,105286,200000
444148,148,15186.58817076683,0.800000011920929,0.800000011920929,0.0,0.800000011920929,0.800000011920929,nan,3.582769100666046,444148,106037,200000
447149,149,15297.338146686554,-0.29999998956918716,-0.29999998956918716,0.0,-0.29999998956918716,-0.29999998956918716,nan,3.582888872623444,447149,106787,200000
450150,150,15408.49722313881,1.9999999925494194,1.9999999925494194,0.0,1.9999999925494194,1.9999999925494194,nan,3.555015368461609,450150,107537,200000
453151,151,15520.968332767487,0.6000000238418579,0.6000000238418579,0.0,0.6000000238418579,0.6000000238418579,nan,3.555862481594086,453151,108287,200000
456152,152,15632.293295383453,1.000000037252903,1.000000037252903,0.0,1.000000037252903,1.000000037252903,nan,3.555864415168762,456152,109038,200000
459153,153,15744.54364657402,1.9999999850988388,1.9999999850988388,0.0,1.9999999850988388,1.9999999850988388,nan,3.55565554857254,459153,109788,200000
462154,154,15857.682965517044,2.000000014901161,2.000000014901161,0.0,2.000000014901161,2.000000014901161,nan,3.5558952283859253,462154,110538,200000
465155,155,15970.210648536682,-0.5,-0.5,0.0,-0.5,-0.5,nan,3.5553941178321837,465155,111288,200000
468156,156,16080.273570537567,-1.3999999985098839,-1.3999999985098839,0.0,-1.3999999985098839,-1.3999999985098839,nan,3.556008641719818,468156,112039,200000
471157,157,16190.395414829254,0.5000000074505806,0.5000000074505806,0.0,0.5000000074505806,0.5000000074505806,nan,3.555279166698456,471157,112789,200000
474158,158,16299.477534294128,1.9999999850988388,1.9999999850988388,0.0,1.9999999850988388,1.9999999850988388,nan,3.5553524470329285,474158,113539,200000
477159,159,16408.12035536766,0.4000000059604645,0.4000000059604645,0.0,0.4000000059604645,0.4000000059604645,nan,3.554933698177338,477159,114289,200000
480160,160,16517.70144677162,-0.09999998658895493,-0.09999998658895493,0.0,-0.09999998658895493,-0.09999998658895493,nan,3.543502917289734,480160,115040,200000
483161,161,16626.018854379654,-1.8999999985098839,-1.8999999985098839,0.0,-1.8999999985098839,-1.8999999985098839,nan,3.5272072649002073,483161,115790,200000
486162,162,16738.409545898438,0.9000000208616257,0.9000000208616257,0.0,0.9000000208616257,0.9000000208616257,nan,3.527035126686096,486162,116540,200000
489163,163,16847.42860531807,-0.5999999940395355,-0.5999999940395355,0.0,-0.5999999940395355,-0.5999999940395355,nan,3.526869592666626,489163,117290,200000
492164,164,16955.73273897171,0.0,0.0,0.0,0.0,0.0,nan,3.5263954257965087,492164,118041,200000
495165,165,17065.648936271667,0.10000000149011612,0.10000000149011612,0.0,0.10000000149011612,0.10000000149011612,nan,3.52687753200531,495165,118791,200000
498166,166,17170.30949640274,0.9999999850988388,0.9999999850988388,0.0,0.9999999850988388,0.9999999850988388,nan,3.5269997334480285,498166,119541,200000
501167,167,17272.236383914948,0.8000000193715096,0.8000000193715096,0.0,0.8000000193715096,0.8000000193715096,nan,3.5259469842910764,501167,120291,200000
504168,168,17375.212959766388,0.8000000715255737,0.8000000715255737,0.0,0.8000000715255737,0.8000000715255737,nan,3.526998348236084,504168,121042,200000
507169,169,17476.56623840332,0.6000000163912773,0.6000000163912773,0.0,0.6000000163912773,0.6000000163912773,nan,3.526992621421814,507169,121792,200000
510170,170,17581.033503055573,-0.3999999910593033,-0.3999999910593033,0.0,-0.3999999910593033,-0.3999999910593033,nan,3.5261082291603087,510170,122542,200000
513171,171,17691.39602446556,2.2351741790771484e-08,2.2351741790771484e-08,0.0,2.2351741790771484e-08,2.2351741790771484e-08,nan,3.4997858476638792,513171,123292,200000
516172,172,17801.317363023758,-2.299999989569187,-2.299999989569187,0.0,-2.299999989569187,-2.299999989569187,nan,3.499972641468048,516172,124043,200000
519173,173,17911.282722711563,0.8000000193715096,0.8000000193715096,0.0,0.8000000193715096,0.8000000193715096,nan,3.49931250333786,519173,124793,200000
522174,174,18018.25318288803,0.5000000149011612,0.5000000149011612,0.0,0.5000000149011612,0.5000000149011612,nan,3.4990015053749084,522174,125543,200000
525175,175,18123.118089675903,0.8000000193715096,0.8000000193715096,0.0,0.8000000193715096,0.8000000193715096,nan,3.5002138376235963,525175,126293,200000
528176,176,18227.835021972656,0.4000000134110451,0.4000000134110451,0.0,0.4000000134110451,0.4000000134110451,nan,3.5002385067939756,528176,127044,200000
531177,177,18332.839500188828,-0.5999999940395355,-0.5999999940395355,0.0,-0.5999999940395355,-0.5999999940395355,nan,3.4999429750442506,531177,127794,200000
534178,178,18439.288076639175,0.7000000104308128,0.7000000104308128,0.0,0.7000000104308128,0.7000000104308128,nan,3.498469877243042,534178,128544,200000
537179,179,18548.82356238365,-1.5999999940395355,-1.5999999940395355,0.0,-1.5999999940395355,-1.5999999940395355,nan,3.499464030265808,537179,129294,200000
540180,180,18658.590109586716,1.0000000149011612,1.0000000149011612,0.0,1.0000000149011612,1.0000000149011612,nan,3.4997414231300352,540180,130045,200000
543181,181,18768.496215343475,-0.3999999836087227,-0.3999999836087227,0.0,-0.3999999836087227,-0.3999999836087227,nan,3.499565825462341,543181,130795,200000
546182,182,18880.94012236595,-0.5999999940395355,-0.5999999940395355,0.0,-0.5999999940395355,-0.5999999940395355,nan,3.471604571342468,546182,131545,200000
549183,183,18995.229603767395,0.8000000193715096,0.8000000193715096,0.0,0.8000000193715096,0.8000000193715096,nan,3.4711979699134825,549183,132295,200000
552184,184,19109.084540367126,1.000000074505806,1.000000074505806,0.0,1.000000074505806,1.000000074505806,nan,3.4718610429763794,552184,133046,200000
555185,185,19223.57708787918,2.0000000670552254,2.0000000670552254,0.0,2.0000000670552254,2.0000000670552254,nan,3.472027642726898,555185,133796,200000
558186,186,19338.660220384598,2.000000074505806,2.000000074505806,0.0,2.000000074505806,2.000000074505806,nan,3.4711323261260985,558186,134546,200000
561187,187,19453.553989887238,5.960464477539063e-08,5.960464477539063e-08,0.0,5.960464477539063e-08,5.960464477539063e-08,nan,3.470678994655609,561187,135296,200000
564188,188,19568.95135951042,0.6000000089406967,0.6000000089406967,0.0,0.6000000089406967,0.6000000089406967,nan,3.472324903011322,564188,136047,200000
567189,189,19683.135011434555,2.0,2.0,0.0,2.0,2.0,nan,3.4716807889938353,567189,136797,200000
570190,190,19795.2630109787,2.0,2.0,0.0,2.0,2.0,nan,3.472239043712616,570190,137547,200000
573191,191,19909.43846988678,-0.9999999776482582,-0.9999999776482582,0.0,-0.9999999776482582,-0.9999999776482582,nan,3.4720068764686585,573191,138297,200000
576192,192,20021.625968933105,-2.5,-2.5,0.0,-2.5,-2.5,nan,3.458831670284271,576192,139048,200000
579193,193,20135.63337469101,0.700000025331974,0.700000025331974,0.0,0.700000025331974,0.700000025331974,nan,3.4446597337722777,579193,139798,200000
582194,194,20248.520022153854,-0.19999997317790985,-0.19999997317790985,0.0,-0.19999997317790985,-0.19999997317790985,nan,3.444572081565857,582194,140548,200000
585195,195,20362.278869867325,-0.19999998807907104,-0.19999998807907104,0.0,-0.19999998807907104,-0.19999998807907104,nan,3.4453880310058596,585195,141298,200000
588196,196,20475.534516096115,1.0000000074505806,1.0000000074505806,0.0,1.0000000074505806,1.0000000074505806,nan,3.444822871685028,588196,142049,200000
591197,197,20587.459430933,-0.5,-0.5,0.0,-0.5,-0.5,nan,3.4445510506629944,591197,142799,200000
594198,198,20699.478101968765,2.0000000968575478,2.0000000968575478,0.0,2.0000000968575478,2.0000000968575478,nan,3.444352900981903,594198,143549,200000
597199,199,20810.770051717758,1.0,1.0,0.0,1.0,1.0,nan,3.444571144580841,597199,144299,200000
600200,200,20916.28555703163,-1.4999999925494194,-1.4999999925494194,0.0,-1.4999999925494194,-1.4999999925494194,nan,3.44510192155838,600200,145050,200000
603201,201,21023.384192943573,1.0000000298023224,1.0000000298023224,0.0,1.0000000298023224,1.0000000298023224,nan,3.4441054368019106,603201,145800,200000
606202,202,21133.204175710678,-0.29999998956918716,-0.29999998956918716,0.0,-0.29999998956918716,-0.29999998956918716,nan,3.444973704814911,606202,146550,200000
609203,203,21237.38379716873,2.000000074505806,2.000000074505806,0.0,2.000000074505806,2.000000074505806,nan,3.4196770071983336,609203,147300,200000
612204,204,21341.036322832108,0.9000000059604645,0.9000000059604645,0.0,0.9000000059604645,0.9000000059604645,nan,3.4188522624969484,612204,148051,200000
615205,205,21448.078951358795,-0.09999998658895493,-0.09999998658895493,0.0,-0.09999998658895493,-0.09999998658895493,nan,3.418410291671753,615205,148801,200000
618206,206,21552.473710536957,-0.29999997466802597,-0.29999997466802597,0.0,-0.29999997466802597,-0.29999997466802597,nan,3.4189247846603394,618206,149551,200000
621207,207,21656.92372918129,1.0000000298023224,1.0000000298023224,0.0,1.0000000298023224,1.0000000298023224,nan,3.4190694999694826,621207,150301,200000
624208,208,21762.738118886948,0.30000000447034836,0.30000000447034836,0.0,0.30000000447034836,0.30000000447034836,nan,3.4193262958526613,624208,151052,200000
627209,209,21866.92394566536,-0.29999998211860657,-0.29999998211860657,0.0,-0.29999998211860657,-0.29999998211860657,nan,3.418882818222046,627209,151802,200000
630210,210,21970.015813589096,0.20000000298023224,0.20000000298023224,0.0,0.20000000298023224,0.20000000298023224,nan,3.4182622623443604,630210,152552,200000
633211,211,22071.92905855179,-0.3999999836087227,-0.3999999836087227,0.0,-0.3999999836087227,-0.3999999836087227,nan,3.419132692813873,633211,153302,200000
636212,212,22173.65996170044,-2.7999999970197678,-2.7999999970197678,0.0,-2.7999999970197678,-2.7999999970197678,nan,3.4195920586586,636212,154053,200000
639213,213,22274.6941549778,2.0000000670552254,2.0000000670552254,0.0,2.0000000670552254,2.0000000670552254,nan,3.4188302683830263,639213,154803,200000
642214,214,22373.479861736298,1.000000037252903,1.000000037252903,0.0,1.000000037252903,1.000000037252903,nan,3.3908500146865843,642214,155553,200000
645215,215,22473.781054973602,0.9000000506639481,0.9000000506639481,0.0,0.9000000506639481,0.9000000506639481,nan,3.3912191009521484,645215,156303,200000
648216,216,22575.146443367004,-0.5999999940395355,-0.5999999940395355,0.0,-0.5999999940395355,-0.5999999940395355,nan,3.3911589622497558,648216,157054,200000
651217,217,22675.474299669266,-2.199999950826168,-2.199999950826168,0.0,-2.199999950826168,-2.199999950826168,nan,3.3906089663505554,651217,157804,200000
654218,218,22778.237087726593,2.000000052154064,2.000000052154064,0.0,2.000000052154064,2.000000052154064,nan,3.3914047861099244,654218,158554,200000
657219,219,22879.77190065384,-1.5999999940395355,-1.5999999940395355,0.0,-1.5999999940395355,-1.5999999940395355,nan,3.3912421655654907,657219,159304,200000
660220,220,22981.1855404377,1.0000000298023224,1.0000000298023224,0.0,1.0000000298023224,1.0000000298023224,nan,3.3911753201484682,660220,160055,200000
663221,221,23082.45458340645,0.8000000491738319,0.8000000491738319,0.0,0.8000000491738319,0.8000000491738319,nan,3.390900766849518,663221,160805,200000
666222,222,23183.633355140686,-0.29999999701976776,-0.29999999701976776,0.0,-0.29999999701976776,-0.29999999701976776,nan,3.391951525211334,666222,161555,200000
669223,223,23283.05962920189,1.0000000596046448,1.0000000596046448,0.0,1.0000000596046448,1.0000000596046448,nan,3.39092355966568,669223,162305,200000
672224,224,23381.601427793503,-0.5999999940395355,-0.5999999940395355,0.0,-0.5999999940395355,-0.5999999940395355,nan,3.377898247241974,672224,163056,200000
675225,225,23480.77395415306,-0.6999999955296516,-0.6999999955296516,0.0,-0.6999999955296516,-0.6999999955296516,nan,3.366314940452576,675225,163806,200000
678226,226,23579.5418343544,2.000000022351742,2.000000022351742,0.0,2.000000022351742,2.000000022351742,nan,3.366447470188141,678226,164556,200000
681227,227,23679.398530483246,0.7000000104308128,0.7000000104308128,0.0,0.7000000104308128,0.7000000104308128,nan,3.366234118938446,681227,165306,200000
684228,228,23779.083047389984,1.0000001192092896,1.0000001192092896,0.0,1.0000001192092896,1.0000001192092896,nan,3.3663572764396665,684228,166057,200000
687229,229,23878.415922880173,-2.2351741790771484e-08,-2.2351741790771484e-08,0.0,-2.2351741790771484e-08,-2.2351741790771484e-08,nan,3.3663714814186094,687229,166807,200000
690230,230,23977.88939666748,-0.09999997913837433,-0.09999997913837433,0.0,-0.09999997913837433,-0.09999997913837433,nan,3.366286270618439,690230,167557,200000
693231,231,24077.61648750305,-0.9999999776482582,-0.9999999776482582,0.0,-0.9999999776482582,-0.9999999776482582,nan,3.3668490123748778,693231,168307,200000
696232,232,24177.45689511299,1.9999999701976776,1.9999999701976776,0.0,1.9999999701976776,1.9999999701976776,nan,3.3668538880348207,696232,169058,200000
699233,233,24276.938435316086,-0.3999999910593033,-0.3999999910593033,0.0,-0.3999999910593033,-0.3999999910593033,nan,3.3653438448905946,699233,169808,200000
702234,234,24377.28059077263,0.7000000178813934,0.7000000178813934,0.0,0.7000000178813934,0.7000000178813934,nan,3.366314890384674,702234,170558,200000
705235,235,24475.930194616318,2.0000000074505806,2.0000000074505806,0.0,2.0000000074505806,2.0000000074505806,nan,3.3365595865249635,705235,171308,200000
708236,236,24577.538167715073,0.9000000208616257,0.9000000208616257,0.0,0.9000000208616257,0.9000000208616257,nan,3.3364675641059875,708236,172059,200000
711237,237,24677.32516360283,0.800000011920929,0.800000011920929,0.0,0.800000011920929,0.800000011920929,nan,3.3362875461578367,711237,172809,200000
714238,238,24777.264815330505,-1.0999999716877937,-1.0999999716877937,0.0,-1.0999999716877937,-1.0999999716877937,nan,3.3362510085105894,714238,173559,200000
717239,239,24877.82414007187,-4.470348358154297e-08,-4.470348358154297e-08,0.0,-4.470348358154297e-08,-4.470348358154297e-08,nan,3.3366162848472594,717239,174309,200000
720240,240,24978.168311595917,0.6000000163912773,0.6000000163912773,0.0,0.6000000163912773,0.6000000163912773,nan,3.3375579571723937,720240,175060,200000
723241,241,25077.836574316025,2.000000052154064,2.000000052154064,0.0,2.000000052154064,2.000000052154064,nan,3.337486445903778,723241,175810,200000
726242,242,25177.363006591797,-0.09999996423721313,-0.09999996423721313,0.0,-0.09999996423721313,-0.09999996423721313,nan,3.3374049782752992,726242,176560,200000
729243,243,25276.66275882721,-0.4999999925494194,-0.4999999925494194,0.0,-0.4999999925494194,-0.4999999925494194,nan,3.336955935955048,729243,177310,200000
732244,244,25374.9673204422,2.0000000596046448,2.0000000596046448,0.0,2.0000000596046448,2.0000000596046448,nan,3.3378505063056947,732244,178061,200000
735245,245,25475.18945145607,-0.3999999910593033,-0.3999999910593033,0.0,-0.3999999910593033,-0.3999999910593033,nan,3.3370727849006654,735245,178811,200000
738246,246,25574.442150592804,0.30000000447034836,0.30000000447034836,0.0,0.30000000447034836,0.30000000447034836,nan,3.3103950786590577,738246,179561,200000
741247,247,25673.554718494415,-0.9999998807907104,-0.9999998807907104,0.0,-0.9999998807907104,-0.9999998807907104,nan,3.3106441593170164,741247,180311,200000
744248,248,25773.722184419632,0.4000000059604645,0.4000000059604645,0.0,0.4000000059604645,0.4000000059604645,nan,3.310224618911743,744248,181062,200000
747249,249,25874.281156778336,0.800000011920929,0.800000011920929,0.0,0.800000011920929,0.800000011920929,nan,3.31015415430069,747249,181812,200000
750250,250,25973.462824344635,-2.499999985098839,-2.499999985098839,0.0,-2.499999985098839,-2.499999985098839,nan,3.3102927160263063,750250,182562,200000
753251,251,26073.651062965393,1.000000037252903,1.000000037252903,0.0,1.000000037252903,1.000000037252903,nan,3.309245924949646,753251,183312,200000
756252,252,26175.477860689163,1.0000000074505806,1.0000000074505806,0.0,1.0000000074505806,1.0000000074505806,nan,3.310028018951416,756252,184063,200000
759253,253,26275.005623579025,1.0000000298023224,1.0000000298023224,0.0,1.0000000298023224,1.0000000298023224,nan,3.310988731384277,759253,184813,200000
762254,254,26375.964532136917,-0.9999999850988388,-0.9999999850988388,0.0,-0.9999999850988388,-0.9999999850988388,nan,3.310085401535034,762254,185563,200000
765255,255,26476.607296943665,2.2351741790771484e-08,2.2351741790771484e-08,0.0,2.2351741790771484e-08,2.2351741790771484e-08,nan,3.309857943058014,765255,186313,200000
768256,256,26575.51414513588,-2.2999999970197678,-2.2999999970197678,0.0,-2.2999999970197678,-2.2999999970197678,nan,3.292904567718506,768256,187064,200000
771257,257,26677.09251523018,-0.29999998211860657,-0.29999998211860657,0.0,-0.29999998211860657,-0.29999998211860657,nan,3.2842229533195497,771257,187814,200000
774258,258,26777.29846596718,-0.4999999850988388,-0.4999999850988388,0.0,-0.4999999850988388,-0.4999999850988388,nan,3.2838857889175417,774258,188564,200000
777259,259,26877.15316772461,0.800000011920929,0.800000011920929,0.0,0.800000011920929,0.800000011920929,nan,3.2836485290527344,777259,189314,200000
780260,260,26976.962982416153,-1.0000000447034836,-1.0000000447034836,0.0,-1.0000000447034836,-1.0000000447034836,nan,3.2849291872978212,780260,190065,200000
783261,261,27077.338677167892,2.0000000596046448,2.0000000596046448,0.0,2.0000000596046448,2.0000000596046448,nan,3.283707146644592,783261,190815,200000
786262,262,27175.12256884575,2.000000052154064,2.000000052154064,0.0,2.000000052154064,2.000000052154064,nan,3.2839260053634645,786262,191565,200000
789263,263,27274.652138710022,0.700000025331974,0.700000025331974,0.0,0.700000025331974,0.700000025331974,nan,3.284543662071228,789263,192315,200000
792264,264,27374.664268255234,1.9999999776482582,1.9999999776482582,0.0,1.9999999776482582,1.9999999776482582,nan,3.284166190624237,792264,193066,200000
795265,265,27473.062462329865,-0.19999998062849045,-0.19999998062849045,0.0,-0.19999998062849045,-0.19999998062849045,nan,3.2835899639129638,795265,193816,200000
798266,266,27574.004725694656,0.8000000044703484,0.8000000044703484,0.0,0.8000000044703484,0.8000000044703484,nan,3.2839376974105834,798266,194566,200000
